borough,bedroom_category,rent_count,rent_mean_gbp,rent_lower_quartile_gbp,rent_median_gbp,rent_upper_quartile_gbp,code,jobs_thousand,median_weekly_pay_gross_gbp,annual_pct_change_median,mean_weekly_pay_gross_gbp,annual_pct_change_mean,p10_gbp,p20_gbp,p25_gbp,p30_gbp,p40_gbp,p60_gbp,p70_gbp,p75_gbp,p80_gbp,p90_gbp
Barking and Dagenham,Room,-,..,..,..,..,E09000002,59,754.1,1.2,832.3,0.3,497.2,567.8,599.5,631.9,703.8,826.2,920.3,969,1040.6,x
Barking and Dagenham,Studio,-,..,..,..,..,E09000002,59,754.1,1.2,832.3,0.3,497.2,567.8,599.5,631.9,703.8,826.2,920.3,969,1040.6,x
Barking and Dagenham,One Bedroom,160,1271,1200,1300,1350,E09000002,59,754.1,1.2,832.3,0.3,497.2,567.8,599.5,631.9,703.8,826.2,920.3,969,1040.6,x
Barking and Dagenham,Two Bedrooms,250,1557,1400,1550,1750,E09000002,59,754.1,1.2,832.3,0.3,497.2,567.8,599.5,631.9,703.8,826.2,920.3,969,1040.6,x
Barking and Dagenham,Three Bedrooms,160,1890,1700,1900,2100,E09000002,59,754.1,1.2,832.3,0.3,497.2,567.8,599.5,631.9,703.8,826.2,920.3,969,1040.6,x
Barking and Dagenham,Four or More Bedrooms,20,2465,2350,2500,2525,E09000002,59,754.1,1.2,832.3,0.3,497.2,567.8,599.5,631.9,703.8,826.2,920.3,969,1040.6,x
Barnet,Room,10,798,686,721,862,E09000003,109,905.4,5,1113.8,10.9,562,622.4,669.1,697.6,801.2,1003.5,1168.7,1302,1436.7,x
Barnet,Studio,110,1111,1006,1113,1200,E09000003,109,905.4,5,1113.8,10.9,562,622.4,669.1,697.6,801.2,1003.5,1168.7,1302,1436.7,x
Barnet,One Bedroom,710,1454,1300,1440,1600,E09000003,109,905.4,5,1113.8,10.9,562,622.4,669.1,697.6,801.2,1003.5,1168.7,1302,1436.7,x
Barnet,Two Bedrooms,1210,1758,1550,1710,1950,E09000003,109,905.4,5,1113.8,10.9,562,622.4,669.1,697.6,801.2,1003.5,1168.7,1302,1436.7,x
Barnet,Three Bedrooms,430,2385,2050,2300,2650,E09000003,109,905.4,5,1113.8,10.9,562,622.4,669.1,697.6,801.2,1003.5,1168.7,1302,1436.7,x
Barnet,Four or More Bedrooms,170,3330,2800,3172,3613,E09000003,109,905.4,5,1113.8,10.9,562,622.4,669.1,697.6,801.2,1003.5,1168.7,1302,1436.7,x
Bexley,Room,10,877,750,938,1000,E09000004,77,889.1,4.7,1020.1,7,552.1,631.1,670.7,697.6,782.1,996.4,1136.1,1188.2,1259.5,x
Bexley,Studio,10,1040,..,1000,..,E09000004,77,889.1,4.7,1020.1,7,552.1,631.1,670.7,697.6,782.1,996.4,1136.1,1188.2,1259.5,x
Bexley,One Bedroom,150,1233,1100,1250,1350,E09000004,77,889.1,4.7,1020.1,7,552.1,631.1,670.7,697.6,782.1,996.4,1136.1,1188.2,1259.5,x
Bexley,Two Bedrooms,270,1557,1400,1600,1700,E09000004,77,889.1,4.7,1020.1,7,552.1,631.1,670.7,697.6,782.1,996.4,1136.1,1188.2,1259.5,x
Bexley,Three Bedrooms,210,1882,1700,1900,2100,E09000004,77,889.1,4.7,1020.1,7,552.1,631.1,670.7,697.6,782.1,996.4,1136.1,1188.2,1259.5,x
Bexley,Four or More Bedrooms,40,2338,2096,2350,2585,E09000004,77,889.1,4.7,1020.1,7,552.1,631.1,670.7,697.6,782.1,996.4,1136.1,1188.2,1259.5,x
Brent,Room,70,848,694,826,950,E09000005,100,786.2,5.1,968.4,1.4,513.5,569.3,604.4,643.8,708.4,886.3,1018.4,1138,1243.1,x
Brent,Studio,120,1341,1000,1213,1804,E09000005,100,786.2,5.1,968.4,1.4,513.5,569.3,604.4,643.8,708.4,886.3,1018.4,1138,1243.1,x
Brent,One Bedroom,520,1766,1500,1750,1950,E09000005,100,786.2,5.1,968.4,1.4,513.5,569.3,604.4,643.8,708.4,886.3,1018.4,1138,1243.1,x
Brent,Two Bedrooms,690,2158,1850,2100,2450,E09000005,100,786.2,5.1,968.4,1.4,513.5,569.3,604.4,643.8,708.4,886.3,1018.4,1138,1243.1,x
Brent,Three Bedrooms,270,2487,2100,2400,2700,E09000005,100,786.2,5.1,968.4,1.4,513.5,569.3,604.4,643.8,708.4,886.3,1018.4,1138,1243.1,x
Brent,Four or More Bedrooms,100,3432,2505,3000,3950,E09000005,100,786.2,5.1,968.4,1.4,513.5,569.3,604.4,643.8,708.4,886.3,1018.4,1138,1243.1,x
Bromley,Room,20,705,676,722,781,E09000006,105,964.5,0.6,1253.9,8.3,569.4,661.6,711.2,761.3,869.4,1094.7,1281.3,1442.3,1630.4,x
Bromley,Studio,50,983,905,975,1050,E09000006,105,964.5,0.6,1253.9,8.3,569.4,661.6,711.2,761.3,869.4,1094.7,1281.3,1442.3,1630.4,x
Bromley,One Bedroom,790,1267,1150,1300,1400,E09000006,105,964.5,0.6,1253.9,8.3,569.4,661.6,711.2,761.3,869.4,1094.7,1281.3,1442.3,1630.4,x
Bromley,Two Bedrooms,1140,1597,1450,1600,1750,E09000006,105,964.5,0.6,1253.9,8.3,569.4,661.6,711.2,761.3,869.4,1094.7,1281.3,1442.3,1630.4,x
Bromley,Three Bedrooms,490,1988,1726,1950,2200,E09000006,105,964.5,0.6,1253.9,8.3,569.4,661.6,711.2,761.3,869.4,1094.7,1281.3,1442.3,1630.4,x
Bromley,Four or More Bedrooms,200,2679,2155,2500,2875,E09000006,105,964.5,0.6,1253.9,8.3,569.4,661.6,711.2,761.3,869.4,1094.7,1281.3,1442.3,1630.4,x
Camden,Room,20,949,861,960,1036,E09000007,70,1032.4,17.6,1340.5,7.9,574.4,663.9,725,765.9,891.7,1185.3,1378.4,1517.1,1672.7,x
Camden,Studio,50,1573,1365,1650,1800,E09000007,70,1032.4,17.6,1340.5,7.9,574.4,663.9,725,765.9,891.7,1185.3,1378.4,1517.1,1672.7,x
Camden,One Bedroom,310,2094,1750,2000,2350,E09000007,70,1032.4,17.6,1340.5,7.9,574.4,663.9,725,765.9,891.7,1185.3,1378.4,1517.1,1672.7,x
Camden,Two Bedrooms,330,2753,2200,2600,3150,E09000007,70,1032.4,17.6,1340.5,7.9,574.4,663.9,725,765.9,891.7,1185.3,1378.4,1517.1,1672.7,x
Camden,Three Bedrooms,150,3475,2768,3325,4000,E09000007,70,1032.4,17.6,1340.5,7.9,574.4,663.9,725,765.9,891.7,1185.3,1378.4,1517.1,1672.7,x
Camden,Four or More Bedrooms,50,5103,3750,4350,5490,E09000007,70,1032.4,17.6,1340.5,7.9,574.4,663.9,725,765.9,891.7,1185.3,1378.4,1517.1,1672.7,x
City of London,Room,-,..,..,..,..,E09000001,x,x,,1804.1,25,x,x,x,x,x,x,x,x,x,x
City of London,Studio,10,2134,1688,1950,2588,E09000001,x,x,,1804.1,25,x,x,x,x,x,x,x,x,x,x
City of London,One Bedroom,80,2343,2050,2250,2600,E09000001,x,x,,1804.1,25,x,x,x,x,x,x,x,x,x,x
City of London,Two Bedrooms,50,3080,2805,3000,3288,E09000001,x,x,,1804.1,25,x,x,x,x,x,x,x,x,x,x
City of London,Three Bedrooms,10,4561,..,4700,..,E09000001,x,x,,1804.1,25,x,x,x,x,x,x,x,x,x,x
City of London,Four or More Bedrooms,-,..,..,..,..,E09000001,x,x,,1804.1,25,x,x,x,x,x,x,x,x,x,x
Croydon,Room,40,686,551,712,817,E09000008,132,855.7,2.7,969.8,1.2,552.2,620,650.7,682.9,758.1,933.1,1084.3,1149.7,1234.8,1524.7
Croydon,Studio,70,1040,969,1050,1108,E09000008,132,855.7,2.7,969.8,1.2,552.2,620,650.7,682.9,758.1,933.1,1084.3,1149.7,1234.8,1524.7
Croydon,One Bedroom,520,1207,1100,1200,1300,E09000008,132,855.7,2.7,969.8,1.2,552.2,620,650.7,682.9,758.1,933.1,1084.3,1149.7,1234.8,1524.7
Croydon,Two Bedrooms,800,1532,1400,1500,1650,E09000008,132,855.7,2.7,969.8,1.2,552.2,620,650.7,682.9,758.1,933.1,1084.3,1149.7,1234.8,1524.7
Croydon,Three Bedrooms,340,1909,1699,1900,2150,E09000008,132,855.7,2.7,969.8,1.2,552.2,620,650.7,682.9,758.1,933.1,1084.3,1149.7,1234.8,1524.7
Croydon,Four or More Bedrooms,120,2482,2150,2438,2700,E09000008,132,855.7,2.7,969.8,1.2,552.2,620,650.7,682.9,758.1,933.1,1084.3,1149.7,1234.8,1524.7
Ealing,Room,140,840,726,826,916,E09000009,112,808.1,2.1,1021.2,7.2,520.3,579.4,613.5,649.8,736.3,920.9,1061.6,1149.9,1284.1,x
Ealing,Studio,60,1313,1150,1350,1450,E09000009,112,808.1,2.1,1021.2,7.2,520.3,579.4,613.5,649.8,736.3,920.9,1061.6,1149.9,1284.1,x
Ealing,One Bedroom,460,1582,1409,1550,1750,E09000009,112,808.1,2.1,1021.2,7.2,520.3,579.4,613.5,649.8,736.3,920.9,1061.6,1149.9,1284.1,x
Ealing,Two Bedrooms,650,1975,1750,1900,2200,E09000009,112,808.1,2.1,1021.2,7.2,520.3,579.4,613.5,649.8,736.3,920.9,1061.6,1149.9,1284.1,x
Ealing,Three Bedrooms,220,2523,2100,2400,2800,E09000009,112,808.1,2.1,1021.2,7.2,520.3,579.4,613.5,649.8,736.3,920.9,1061.6,1149.9,1284.1,x
Ealing,Four or More Bedrooms,80,3468,2700,3300,4063,E09000009,112,808.1,2.1,1021.2,7.2,520.3,579.4,613.5,649.8,736.3,920.9,1061.6,1149.9,1284.1,x
Enfield,Room,60,668,600,676,726,E09000010,83,865.1,3.1,1020.5,-13.3,547.1,617.2,646.9,703.1,789.7,976.6,1092.4,1205.9,1300.6,x
Enfield,Studio,40,1113,1025,1100,1200,E09000010,83,865.1,3.1,1020.5,-13.3,547.1,617.2,646.9,703.1,789.7,976.6,1092.4,1205.9,1300.6,x
Enfield,One Bedroom,230,1307,1200,1300,1400,E09000010,83,865.1,3.1,1020.5,-13.3,547.1,617.2,646.9,703.1,789.7,976.6,1092.4,1205.9,1300.6,x
Enfield,Two Bedrooms,410,1612,1450,1600,1750,E09000010,83,865.1,3.1,1020.5,-13.3,547.1,617.2,646.9,703.1,789.7,976.6,1092.4,1205.9,1300.6,x
Enfield,Three Bedrooms,330,2051,1800,2000,2250,E09000010,83,865.1,3.1,1020.5,-13.3,547.1,617.2,646.9,703.1,789.7,976.6,1092.4,1205.9,1300.6,x
Enfield,Four or More Bedrooms,90,2806,2400,2600,3050,E09000010,83,865.1,3.1,1020.5,-13.3,547.1,617.2,646.9,703.1,789.7,976.6,1092.4,1205.9,1300.6,x
Greenwich,Room,110,862,699,850,1025,E09000011,105,902.8,5.5,1145.1,11.9,555.8,618,656.7,700.2,790.5,1039.9,1186.8,1266.6,1389.7,x
Greenwich,Studio,40,1072,923,1000,1200,E09000011,105,902.8,5.5,1145.1,11.9,555.8,618,656.7,700.2,790.5,1039.9,1186.8,1266.6,1389.7,x
Greenwich,One Bedroom,680,1545,1350,1525,1750,E09000011,105,902.8,5.5,1145.1,11.9,555.8,618,656.7,700.2,790.5,1039.9,1186.8,1266.6,1389.7,x
Greenwich,Two Bedrooms,1000,1885,1600,1850,2100,E09000011,105,902.8,5.5,1145.1,11.9,555.8,618,656.7,700.2,790.5,1039.9,1186.8,1266.6,1389.7,x
Greenwich,Three Bedrooms,480,2203,1850,2100,2500,E09000011,105,902.8,5.5,1145.1,11.9,555.8,618,656.7,700.2,790.5,1039.9,1186.8,1266.6,1389.7,x
Greenwich,Four or More Bedrooms,120,2927,2305,2750,3300,E09000011,105,902.8,5.5,1145.1,11.9,555.8,618,656.7,700.2,790.5,1039.9,1186.8,1266.6,1389.7,x
Hackney,Room,40,996,872,979,1070,E09000012,77,959.3,8.8,1153.8,6.5,551,643.1,702.7,766.6,846.7,1139.8,1266.8,1382.6,1524,x
Hackney,Studio,40,1291,1182,1280,1300,E09000012,77,959.3,8.8,1153.8,6.5,551,643.1,702.7,766.6,846.7,1139.8,1266.8,1382.6,1524,x
Hackney,One Bedroom,290,2029,1700,2000,2200,E09000012,77,959.3,8.8,1153.8,6.5,551,643.1,702.7,766.6,846.7,1139.8,1266.8,1382.6,1524,x
Hackney,Two Bedrooms,380,2444,2000,2400,2750,E09000012,77,959.3,8.8,1153.8,6.5,551,643.1,702.7,766.6,846.7,1139.8,1266.8,1382.6,1524,x
Hackney,Three Bedrooms,170,3094,2525,3050,3475,E09000012,77,959.3,8.8,1153.8,6.5,551,643.1,702.7,766.6,846.7,1139.8,1266.8,1382.6,1524,x
Hackney,Four or More Bedrooms,50,4244,3561,3938,4913,E09000012,77,959.3,8.8,1153.8,6.5,551,643.1,702.7,766.6,846.7,1139.8,1266.8,1382.6,1524,x
Hammersmith and Fulham,Room,40,1023,904,1026,1160,E09000013,70,917.3,4.9,1266.8,10.8,561.1,646.6,699.3,764,830.3,1085.7,1324.2,1532.4,1724.9,x
Hammersmith and Fulham,Studio,50,1622,1409,1538,1700,E09000013,70,917.3,4.9,1266.8,10.8,561.1,646.6,699.3,764,830.3,1085.7,1324.2,1532.4,1724.9,x
Hammersmith and Fulham,One Bedroom,420,1962,1650,1869,2200,E09000013,70,917.3,4.9,1266.8,10.8,561.1,646.6,699.3,764,830.3,1085.7,1324.2,1532.4,1724.9,x
Hammersmith and Fulham,Two Bedrooms,530,2644,2100,2500,3025,E09000013,70,917.3,4.9,1266.8,10.8,561.1,646.6,699.3,764,830.3,1085.7,1324.2,1532.4,1724.9,x
Hammersmith and Fulham,Three Bedrooms,160,3348,2688,3250,3750,E09000013,70,917.3,4.9,1266.8,10.8,561.1,646.6,699.3,764,830.3,1085.7,1324.2,1532.4,1724.9,x
Hammersmith and Fulham,Four or More Bedrooms,80,5029,3900,4500,5775,E09000013,70,917.3,4.9,1266.8,10.8,561.1,646.6,699.3,764,830.3,1085.7,1324.2,1532.4,1724.9,x
Haringey,Room,30,760,676,726,798,E09000014,77,900.8,10.6,1055.9,6.1,556.2,646.8,676.3,707.1,804.5,972,1151.7,1280,1349.4,x
Haringey,Studio,40,1109,995,1083,1200,E09000014,77,900.8,10.6,1055.9,6.1,556.2,646.8,676.3,707.1,804.5,972,1151.7,1280,1349.4,x
Haringey,One Bedroom,290,1615,1400,1600,1750,E09000014,77,900.8,10.6,1055.9,6.1,556.2,646.8,676.3,707.1,804.5,972,1151.7,1280,1349.4,x
Haringey,Two Bedrooms,430,2015,1750,1950,2200,E09000014,77,900.8,10.6,1055.9,6.1,556.2,646.8,676.3,707.1,804.5,972,1151.7,1280,1349.4,x
Haringey,Three Bedrooms,180,2491,2050,2413,2800,E09000014,77,900.8,10.6,1055.9,6.1,556.2,646.8,676.3,707.1,804.5,972,1151.7,1280,1349.4,x
Haringey,Four or More Bedrooms,110,3609,2900,3300,4059,E09000014,77,900.8,10.6,1055.9,6.1,556.2,646.8,676.3,707.1,804.5,972,1151.7,1280,1349.4,x
Harrow,Room,30,766,676,776,870,E09000015,78,880,3.2,1127.2,15.4,518.2,613.3,645.2,683.6,759.5,1040.1,1252.8,1355.6,1436.5,x
Harrow,Studio,50,1175,1000,1200,1400,E09000015,78,880,3.2,1127.2,15.4,518.2,613.3,645.2,683.6,759.5,1040.1,1252.8,1355.6,1436.5,x
Harrow,One Bedroom,310,1383,1259,1400,1500,E09000015,78,880,3.2,1127.2,15.4,518.2,613.3,645.2,683.6,759.5,1040.1,1252.8,1355.6,1436.5,x
Harrow,Two Bedrooms,580,1689,1550,1650,1800,E09000015,78,880,3.2,1127.2,15.4,518.2,613.3,645.2,683.6,759.5,1040.1,1252.8,1355.6,1436.5,x
Harrow,Three Bedrooms,360,2160,1900,2125,2300,E09000015,78,880,3.2,1127.2,15.4,518.2,613.3,645.2,683.6,759.5,1040.1,1252.8,1355.6,1436.5,x
Harrow,Four or More Bedrooms,140,2884,2500,2725,3034,E09000015,78,880,3.2,1127.2,15.4,518.2,613.3,645.2,683.6,759.5,1040.1,1252.8,1355.6,1436.5,x
Havering,Room,10,803,..,801,..,E09000016,78,895.8,8.7,1007.7,4.8,524.8,633.8,670.6,711.6,802.7,1001.3,1116.6,1190.4,1286,x
Havering,Studio,10,928,..,900,..,E09000016,78,895.8,8.7,1007.7,4.8,524.8,633.8,670.6,711.6,802.7,1001.3,1116.6,1190.4,1286,x
Havering,One Bedroom,250,1228,1100,1250,1350,E09000016,78,895.8,8.7,1007.7,4.8,524.8,633.8,670.6,711.6,802.7,1001.3,1116.6,1190.4,1286,x
Havering,Two Bedrooms,360,1513,1350,1500,1650,E09000016,78,895.8,8.7,1007.7,4.8,524.8,633.8,670.6,711.6,802.7,1001.3,1116.6,1190.4,1286,x
Havering,Three Bedrooms,250,1798,1600,1800,2000,E09000016,78,895.8,8.7,1007.7,4.8,524.8,633.8,670.6,711.6,802.7,1001.3,1116.6,1190.4,1286,x
Havering,Four or More Bedrooms,60,2255,1955,2300,2500,E09000016,78,895.8,8.7,1007.7,4.8,524.8,633.8,670.6,711.6,802.7,1001.3,1116.6,1190.4,1286,x
Hillingdon,Room,80,657,559,676,726,E09000017,94,806.8,0.3,981.3,3.9,517.5,594.3,624.8,651.1,726.3,922.6,1063.5,1186.9,1298.4,1629
Hillingdon,Studio,90,1035,915,1000,1125,E09000017,94,806.8,0.3,981.3,3.9,517.5,594.3,624.8,651.1,726.3,922.6,1063.5,1186.9,1298.4,1629
Hillingdon,One Bedroom,530,1283,1159,1300,1397,E09000017,94,806.8,0.3,981.3,3.9,517.5,594.3,624.8,651.1,726.3,922.6,1063.5,1186.9,1298.4,1629
Hillingdon,Two Bedrooms,830,1597,1450,1600,1732,E09000017,94,806.8,0.3,981.3,3.9,517.5,594.3,624.8,651.1,726.3,922.6,1063.5,1186.9,1298.4,1629
Hillingdon,Three Bedrooms,430,1908,1656,1900,2100,E09000017,94,806.8,0.3,981.3,3.9,517.5,594.3,624.8,651.1,726.3,922.6,1063.5,1186.9,1298.4,1629
Hillingdon,Four or More Bedrooms,150,2704,2150,2550,2913,E09000017,94,806.8,0.3,981.3,3.9,517.5,594.3,624.8,651.1,726.3,922.6,1063.5,1186.9,1298.4,1629
Hounslow,Room,100,735,626,701,801,E09000018,84,807.5,5.3,1012.4,6.9,533.8,605.4,634.2,670.8,733.7,891.9,1053.1,1154.5,1254.2,x
Hounslow,Studio,30,1109,975,1125,1200,E09000018,84,807.5,5.3,1012.4,6.9,533.8,605.4,634.2,670.8,733.7,891.9,1053.1,1154.5,1254.2,x
Hounslow,One Bedroom,360,1521,1350,1500,1700,E09000018,84,807.5,5.3,1012.4,6.9,533.8,605.4,634.2,670.8,733.7,891.9,1053.1,1154.5,1254.2,x
Hounslow,Two Bedrooms,500,1873,1650,1800,2021,E09000018,84,807.5,5.3,1012.4,6.9,533.8,605.4,634.2,670.8,733.7,891.9,1053.1,1154.5,1254.2,x
Hounslow,Three Bedrooms,190,2423,1973,2200,2788,E09000018,84,807.5,5.3,1012.4,6.9,533.8,605.4,634.2,670.8,733.7,891.9,1053.1,1154.5,1254.2,x
Hounslow,Four or More Bedrooms,90,3503,2600,3125,4000,E09000018,84,807.5,5.3,1012.4,6.9,533.8,605.4,634.2,670.8,733.7,891.9,1053.1,1154.5,1254.2,x
Islington,Room,40,855,787,862,917,E09000019,75,1005,7.6,1591.5,34.6,580.6,698.7,736.7,769.6,895.4,1159.2,1329.8,1494.7,1644.3,x
Islington,Studio,30,1446,1298,1400,1525,E09000019,75,1005,7.6,1591.5,34.6,580.6,698.7,736.7,769.6,895.4,1159.2,1329.8,1494.7,1644.3,x
Islington,One Bedroom,490,2060,1799,2000,2250,E09000019,75,1005,7.6,1591.5,34.6,580.6,698.7,736.7,769.6,895.4,1159.2,1329.8,1494.7,1644.3,x
Islington,Two Bedrooms,510,2641,2200,2550,3000,E09000019,75,1005,7.6,1591.5,34.6,580.6,698.7,736.7,769.6,895.4,1159.2,1329.8,1494.7,1644.3,x
Islington,Three Bedrooms,150,3411,2750,3300,3800,E09000019,75,1005,7.6,1591.5,34.6,580.6,698.7,736.7,769.6,895.4,1159.2,1329.8,1494.7,1644.3,x
Islington,Four or More Bedrooms,80,4645,3775,4500,5000,E09000019,75,1005,7.6,1591.5,34.6,580.6,698.7,736.7,769.6,895.4,1159.2,1329.8,1494.7,1644.3,x
Kensington and Chelsea,Room,10,1002,..,899,..,E09000020,39,1022.6,3.3,1733.3,9.4,576.7,679.6,728.3,764.3,888.5,1199.9,x,x,x,x
Kensington and Chelsea,Studio,220,1702,1517,1647,1846,E09000020,39,1022.6,3.3,1733.3,9.4,576.7,679.6,728.3,764.3,888.5,1199.9,x,x,x,x
Kensington and Chelsea,One Bedroom,590,2605,2065,2394,2925,E09000020,39,1022.6,3.3,1733.3,9.4,576.7,679.6,728.3,764.3,888.5,1199.9,x,x,x,x
Kensington and Chelsea,Two Bedrooms,790,3622,2825,3350,4099,E09000020,39,1022.6,3.3,1733.3,9.4,576.7,679.6,728.3,764.3,888.5,1199.9,x,x,x,x
Kensington and Chelsea,Three Bedrooms,260,5814,4220,5709,6933,E09000020,39,1022.6,3.3,1733.3,9.4,576.7,679.6,728.3,764.3,888.5,1199.9,x,x,x,x
Kensington and Chelsea,Four or More Bedrooms,100,8589,6662,8017,10550,E09000020,39,1022.6,3.3,1733.3,9.4,576.7,679.6,728.3,764.3,888.5,1199.9,x,x,x,x
Kingston upon Thames,Room,20,807,634,757,1026,E09000021,52,953.2,12.9,1173.9,10.1,525.2,630.8,680.4,734.4,845.2,1069.3,1265.5,1375.3,1442.8,x
Kingston upon Thames,Studio,10,1163,1050,1125,1300,E09000021,52,953.2,12.9,1173.9,10.1,525.2,630.8,680.4,734.4,845.2,1069.3,1265.5,1375.3,1442.8,x
Kingston upon Thames,One Bedroom,240,1411,1275,1400,1500,E09000021,52,953.2,12.9,1173.9,10.1,525.2,630.8,680.4,734.4,845.2,1069.3,1265.5,1375.3,1442.8,x
Kingston upon Thames,Two Bedrooms,370,1730,1500,1700,1900,E09000021,52,953.2,12.9,1173.9,10.1,525.2,630.8,680.4,734.4,845.2,1069.3,1265.5,1375.3,1442.8,x
Kingston upon Thames,Three Bedrooms,180,2360,1995,2250,2650,E09000021,52,953.2,12.9,1173.9,10.1,525.2,630.8,680.4,734.4,845.2,1069.3,1265.5,1375.3,1442.8,x
Kingston upon Thames,Four or More Bedrooms,80,3284,2500,2850,3300,E09000021,52,953.2,12.9,1173.9,10.1,525.2,630.8,680.4,734.4,845.2,1069.3,1265.5,1375.3,1442.8,x
Lambeth,Room,20,867,787,873,900,E09000022,120,946.6,5.5,1154.8,7.5,576.6,661.2,689.9,731.7,842,1039.1,1237.7,1309.6,1419.4,x
Lambeth,Studio,50,1383,1073,1270,1520,E09000022,120,946.6,5.5,1154.8,7.5,576.6,661.2,689.9,731.7,842,1039.1,1237.7,1309.6,1419.4,x
Lambeth,One Bedroom,510,1791,1500,1700,2000,E09000022,120,946.6,5.5,1154.8,7.5,576.6,661.2,689.9,731.7,842,1039.1,1237.7,1309.6,1419.4,x
Lambeth,Two Bedrooms,770,2227,1825,2150,2500,E09000022,120,946.6,5.5,1154.8,7.5,576.6,661.2,689.9,731.7,842,1039.1,1237.7,1309.6,1419.4,x
Lambeth,Three Bedrooms,300,2836,2300,2730,3200,E09000022,120,946.6,5.5,1154.8,7.5,576.6,661.2,689.9,731.7,842,1039.1,1237.7,1309.6,1419.4,x
Lambeth,Four or More Bedrooms,140,4003,3100,3650,4500,E09000022,120,946.6,5.5,1154.8,7.5,576.6,661.2,689.9,731.7,842,1039.1,1237.7,1309.6,1419.4,x
Lewisham,Room,230,994,721,782,875,E09000023,104,891.8,6.3,1075.6,1.4,569,628.1,668.5,691.2,790,1021.4,1226.6,1290,1411,x
Lewisham,Studio,140,1163,1050,1150,1290,E09000023,104,891.8,6.3,1075.6,1.4,569,628.1,668.5,691.2,790,1021.4,1226.6,1290,1411,x
Lewisham,One Bedroom,890,1434,1250,1400,1600,E09000023,104,891.8,6.3,1075.6,1.4,569,628.1,668.5,691.2,790,1021.4,1226.6,1290,1411,x
Lewisham,Two Bedrooms,1210,1742,1500,1700,1900,E09000023,104,891.8,6.3,1075.6,1.4,569,628.1,668.5,691.2,790,1021.4,1226.6,1290,1411,x
Lewisham,Three Bedrooms,500,2163,1800,2083,2500,E09000023,104,891.8,6.3,1075.6,1.4,569,628.1,668.5,691.2,790,1021.4,1226.6,1290,1411,x
Lewisham,Four or More Bedrooms,190,2972,2400,2900,3400,E09000023,104,891.8,6.3,1075.6,1.4,569,628.1,668.5,691.2,790,1021.4,1226.6,1290,1411,x
Merton,Room,40,829,761,801,921,E09000024,74,994.3,12.8,1232,10.6,563.8,651.7,691.9,745.7,853.3,1111,1263.2,1437.4,1653.7,x
Merton,Studio,10,1302,1200,1350,1400,E09000024,74,994.3,12.8,1232,10.6,563.8,651.7,691.9,745.7,853.3,1111,1263.2,1437.4,1653.7,x
Merton,One Bedroom,240,1544,1350,1523,1700,E09000024,74,994.3,12.8,1232,10.6,563.8,651.7,691.9,745.7,853.3,1111,1263.2,1437.4,1653.7,x
Merton,Two Bedrooms,580,1817,1450,1750,2075,E09000024,74,994.3,12.8,1232,10.6,563.8,651.7,691.9,745.7,853.3,1111,1263.2,1437.4,1653.7,x
Merton,Three Bedrooms,260,2599,2138,2500,3000,E09000024,74,994.3,12.8,1232,10.6,563.8,651.7,691.9,745.7,853.3,1111,1263.2,1437.4,1653.7,x
Merton,Four or More Bedrooms,100,3753,2738,3350,4388,E09000024,74,994.3,12.8,1232,10.6,563.8,651.7,691.9,745.7,853.3,1111,1263.2,1437.4,1653.7,x
Newham,Room,110,733,620,726,852,E09000025,106,822.2,8.4,1014.9,11.1,524.6,596.4,626.9,663.1,732.8,946.4,1054.2,1178.3,1305.9,x
Newham,Studio,50,1302,1125,1400,1450,E09000025,106,822.2,8.4,1014.9,11.1,524.6,596.4,626.9,663.1,732.8,946.4,1054.2,1178.3,1305.9,x
Newham,One Bedroom,400,1494,1335,1500,1650,E09000025,106,822.2,8.4,1014.9,11.1,524.6,596.4,626.9,663.1,732.8,946.4,1054.2,1178.3,1305.9,x
Newham,Two Bedrooms,610,1775,1500,1750,2000,E09000025,106,822.2,8.4,1014.9,11.1,524.6,596.4,626.9,663.1,732.8,946.4,1054.2,1178.3,1305.9,x
Newham,Three Bedrooms,350,2088,1800,2000,2400,E09000025,106,822.2,8.4,1014.9,11.1,524.6,596.4,626.9,663.1,732.8,946.4,1054.2,1178.3,1305.9,x
Newham,Four or More Bedrooms,100,2612,2300,2500,3000,E09000025,106,822.2,8.4,1014.9,11.1,524.6,596.4,626.9,663.1,732.8,946.4,1054.2,1178.3,1305.9,x
Redbridge,Room,60,773,671,826,876,E09000026,76,862.4,5.2,1079,3.1,537.4,597.3,646.1,675,765.8,991.2,1139.4,1248.9,1403.2,x
Redbridge,Studio,30,992,850,1000,1163,E09000026,76,862.4,5.2,1079,3.1,537.4,597.3,646.1,675,765.8,991.2,1139.4,1248.9,1403.2,x
Redbridge,One Bedroom,380,1335,1200,1350,1450,E09000026,76,862.4,5.2,1079,3.1,537.4,597.3,646.1,675,765.8,991.2,1139.4,1248.9,1403.2,x
Redbridge,Two Bedrooms,650,1683,1500,1650,1875,E09000026,76,862.4,5.2,1079,3.1,537.4,597.3,646.1,675,765.8,991.2,1139.4,1248.9,1403.2,x
Redbridge,Three Bedrooms,340,2060,1800,2050,2300,E09000026,76,862.4,5.2,1079,3.1,537.4,597.3,646.1,675,765.8,991.2,1139.4,1248.9,1403.2,x
Redbridge,Four or More Bedrooms,140,2663,2250,2600,2900,E09000026,76,862.4,5.2,1079,3.1,537.4,597.3,646.1,675,765.8,991.2,1139.4,1248.9,1403.2,x
Richmond upon Thames,Room,10,697,..,726,..,E09000027,55,1056.6,10,1445.8,2.7,572.8,650,705.7,749.1,888.1,1254,1525.9,1614.2,1931.3,x
Richmond upon Thames,Studio,10,1321,..,1375,..,E09000027,55,1056.6,10,1445.8,2.7,572.8,650,705.7,749.1,888.1,1254,1525.9,1614.2,1931.3,x
Richmond upon Thames,One Bedroom,240,1603,1400,1550,1750,E09000027,55,1056.6,10,1445.8,2.7,572.8,650,705.7,749.1,888.1,1254,1525.9,1614.2,1931.3,x
Richmond upon Thames,Two Bedrooms,350,2154,1764,2050,2455,E09000027,55,1056.6,10,1445.8,2.7,572.8,650,705.7,749.1,888.1,1254,1525.9,1614.2,1931.3,x
Richmond upon Thames,Three Bedrooms,170,2893,2250,2650,3300,E09000027,55,1056.6,10,1445.8,2.7,572.8,650,705.7,749.1,888.1,1254,1525.9,1614.2,1931.3,x
Richmond upon Thames,Four or More Bedrooms,90,4218,3300,3850,4525,E09000027,55,1056.6,10,1445.8,2.7,572.8,650,705.7,749.1,888.1,1254,1525.9,1614.2,1931.3,x
Southwark,Room,70,932,751,895,1090,E09000028,119,939.9,6.5,1160.7,9.2,559.2,648.3,683.8,734.1,843.1,1063.4,1236.9,1320.7,1482,x
Southwark,Studio,50,1369,1176,1350,1500,E09000028,119,939.9,6.5,1160.7,9.2,559.2,648.3,683.8,734.1,843.1,1063.4,1236.9,1320.7,1482,x
Southwark,One Bedroom,880,1793,1500,1712,2000,E09000028,119,939.9,6.5,1160.7,9.2,559.2,648.3,683.8,734.1,843.1,1063.4,1236.9,1320.7,1482,x
Southwark,Two Bedrooms,1150,2291,1900,2200,2600,E09000028,119,939.9,6.5,1160.7,9.2,559.2,648.3,683.8,734.1,843.1,1063.4,1236.9,1320.7,1482,x
Southwark,Three Bedrooms,330,2807,2300,2700,3200,E09000028,119,939.9,6.5,1160.7,9.2,559.2,648.3,683.8,734.1,843.1,1063.4,1236.9,1320.7,1482,x
Southwark,Four or More Bedrooms,190,3611,3140,3500,4100,E09000028,119,939.9,6.5,1160.7,9.2,559.2,648.3,683.8,734.1,843.1,1063.4,1236.9,1320.7,1482,x
Sutton,Room,-,..,..,..,..,E09000029,69,852,-0.1,1042.3,5,520.4,616.6,641.6,679.4,767.4,940.8,1104.7,1193.3,1327.4,x
Sutton,Studio,30,956,830,950,1050,E09000029,69,852,-0.1,1042.3,5,520.4,616.6,641.6,679.4,767.4,940.8,1104.7,1193.3,1327.4,x
Sutton,One Bedroom,410,1210,1100,1209,1300,E09000029,69,852,-0.1,1042.3,5,520.4,616.6,641.6,679.4,767.4,940.8,1104.7,1193.3,1327.4,x
Sutton,Two Bedrooms,610,1512,1375,1545,1650,E09000029,69,852,-0.1,1042.3,5,520.4,616.6,641.6,679.4,767.4,940.8,1104.7,1193.3,1327.4,x
Sutton,Three Bedrooms,210,1942,1700,1995,2200,E09000029,69,852,-0.1,1042.3,5,520.4,616.6,641.6,679.4,767.4,940.8,1104.7,1193.3,1327.4,x
Sutton,Four or More Bedrooms,60,2553,2300,2500,2798,E09000029,69,852,-0.1,1042.3,5,520.4,616.6,641.6,679.4,767.4,940.8,1104.7,1193.3,1327.4,x
Tower Hamlets,Room,140,941,770,876,1112,E09000030,106,996.6,12.3,1242.1,11.5,576.9,676.9,720.7,761.1,869.1,1131.9,1315.5,1427.1,1629,x
Tower Hamlets,Studio,80,1787,1500,1733,1950,E09000030,106,996.6,12.3,1242.1,11.5,576.9,676.9,720.7,761.1,869.1,1131.9,1315.5,1427.1,1629,x
Tower Hamlets,One Bedroom,650,1932,1700,1860,2100,E09000030,106,996.6,12.3,1242.1,11.5,576.9,676.9,720.7,761.1,869.1,1131.9,1315.5,1427.1,1629,x
Tower Hamlets,Two Bedrooms,770,2385,2000,2300,2600,E09000030,106,996.6,12.3,1242.1,11.5,576.9,676.9,720.7,761.1,869.1,1131.9,1315.5,1427.1,1629,x
Tower Hamlets,Three Bedrooms,240,2933,2500,2800,3200,E09000030,106,996.6,12.3,1242.1,11.5,576.9,676.9,720.7,761.1,869.1,1131.9,1315.5,1427.1,1629,x
Tower Hamlets,Four or More Bedrooms,70,3790,3388,3800,4125,E09000030,106,996.6,12.3,1242.1,11.5,576.9,676.9,720.7,761.1,869.1,1131.9,1315.5,1427.1,1629,x
Waltham Forest,Room,20,740,626,691,845,E09000031,80,900.8,7.3,1061.9,9,539.1,613.1,659.9,710.6,799.5,1014.9,1184.7,1253.9,1335.2,x
Waltham Forest,Studio,40,1179,1040,1188,1256,E09000031,80,900.8,7.3,1061.9,9,539.1,613.1,659.9,710.6,799.5,1014.9,1184.7,1253.9,1335.2,x
Waltham Forest,One Bedroom,420,1398,1271,1400,1500,E09000031,80,900.8,7.3,1061.9,9,539.1,613.1,659.9,710.6,799.5,1014.9,1184.7,1253.9,1335.2,x
Waltham Forest,Two Bedrooms,600,1696,1525,1700,1850,E09000031,80,900.8,7.3,1061.9,9,539.1,613.1,659.9,710.6,799.5,1014.9,1184.7,1253.9,1335.2,x
Waltham Forest,Three Bedrooms,280,2085,1850,2088,2300,E09000031,80,900.8,7.3,1061.9,9,539.1,613.1,659.9,710.6,799.5,1014.9,1184.7,1253.9,1335.2,x
Waltham Forest,Four or More Bedrooms,90,2559,2300,2500,2800,E09000031,80,900.8,7.3,1061.9,9,539.1,613.1,659.9,710.6,799.5,1014.9,1184.7,1253.9,1335.2,x
Wandsworth,Room,150,1097,901,1182,1293,E09000032,117,1016.6,9.8,1345.2,14.3,590,670.8,731.8,792.9,891.2,1184.1,1413.1,1556.7,1770.9,x
Wandsworth,Studio,30,1318,1150,1350,1450,E09000032,117,1016.6,9.8,1345.2,14.3,590,670.8,731.8,792.9,891.2,1184.1,1413.1,1556.7,1770.9,x
Wandsworth,One Bedroom,770,1804,1600,1750,1950,E09000032,117,1016.6,9.8,1345.2,14.3,590,670.8,731.8,792.9,891.2,1184.1,1413.1,1556.7,1770.9,x
Wandsworth,Two Bedrooms,1160,2301,1975,2250,2515,E09000032,117,1016.6,9.8,1345.2,14.3,590,670.8,731.8,792.9,891.2,1184.1,1413.1,1556.7,1770.9,x
Wandsworth,Three Bedrooms,550,3032,2500,2900,3413,E09000032,117,1016.6,9.8,1345.2,14.3,590,670.8,731.8,792.9,891.2,1184.1,1413.1,1556.7,1770.9,x
Wandsworth,Four or More Bedrooms,290,4242,3400,4000,4800,E09000032,117,1016.6,9.8,1345.2,14.3,590,670.8,731.8,792.9,891.2,1184.1,1413.1,1556.7,1770.9,x
Westminster,Room,60,968,876,926,1061,E09000033,61,1015.5,6,1385.2,-7.8,577.1,642.2,706.8,728.3,869.6,1164.5,1341.6,1502.9,1759.2,x
Westminster,Studio,110,1773,1516,1742,1993,E09000033,61,1015.5,6,1385.2,-7.8,577.1,642.2,706.8,728.3,869.6,1164.5,1341.6,1502.9,1759.2,x
Westminster,One Bedroom,550,2708,2200,2600,3077,E09000033,61,1015.5,6,1385.2,-7.8,577.1,642.2,706.8,728.3,869.6,1164.5,1341.6,1502.9,1759.2,x
Westminster,Two Bedrooms,590,3678,2800,3497,4160,E09000033,61,1015.5,6,1385.2,-7.8,577.1,642.2,706.8,728.3,869.6,1164.5,1341.6,1502.9,1759.2,x
Westminster,Three Bedrooms,210,5071,3513,4618,6062,E09000033,61,1015.5,6,1385.2,-7.8,577.1,642.2,706.8,728.3,869.6,1164.5,1341.6,1502.9,1759.2,x
Westminster,Four or More Bedrooms,50,8567,5775,7800,10833,E09000033,61,1015.5,6,1385.2,-7.8,577.1,642.2,706.8,728.3,869.6,1164.5,1341.6,1502.9,1759.2,x
